"model","cor","p_value","significance_score_p"
"Gemini (1.6T)",0.738353116553323,1.24450150581157e-18,3
"Gemma2 (27B)",0.80671362211693,4.05169619959079e-24,3
"Llama3 (70B)",0.775059978289888,1.84888201102177e-22,3
"Mistral NeMo (12B)",0.786880377721896,9.54297265170149e-24,3
"Mixtral 8x22B",0.834241901788174,7.30504783457541e-28,3
"Mixtral 8x7B",NA,NA,0
"Qwen2 (72B)",0.846816723662141,5.29994392402328e-30,3
