"model","slope","p_value","r_squared","significance_score_p","significance_score_r2"
"Gemini (1.6T)",7.56372718901345,0.181302792082762,0.102568631962017,0,2
"Gemma2 (27B)",6.77772943639501,0.294006808109506,0.0645209634678189,0,1
"Llama3 (70B)",0.388175438373458,0.389342115388346,0.0438908369999252,0,1
"Mistral NeMo (12B)",-0.385774561608932,0.251094942832462,0.0766785039875016,0,1
"Mixtral 8x22B",-2.67689253725774,0.0616505559210633,0.190591928957895,0,2
"Mixtral 8x7B",-0.912319644839066,0.786030789488295,0.0457828230470028,0,1
"Qwen2 (72B)",3.6624589167459,0.108039511362094,0.144776103079224,0,2
